<?xml version="1.0" encoding="utf-8"?>

<odoo>
<data noupdate="0">

    <record model="ir.module.category" id="module_category_sales_tender">
        <field name="name">Sales Tender</field>
        <field name="sequence">10</field>
    </record>

    <record id="group_sales_tender_user" model="res.groups">
        <field name="name">Sales Tender User</field>
        <field name="implied_ids" eval="[(4, ref('base.group_user'))]"/>
        <field name="category_id" ref="module_category_sales_tender"/>
    </record>

    <record id="group_sales_tender_manager" model="res.groups">
        <field name="name">Sales Tender Manager</field>
        <field name="implied_ids" eval="[(4, ref('uat_sales_tender.group_sales_tender_user'))]"/>
        <field name="category_id" ref="module_category_sales_tender"/>
    </record>

</data>
</odoo>
