<?xml version="1.0" encoding="utf-8"?>

<odoo>
<data noupdate="0">

    <record model="ir.module.category" id="module_category_flag_barcode">
        <field name="name">Flags Barcode</field>
        <field name="sequence">11</field>
    </record>

    <record id="group_flag_barcode_user" model="res.groups">
        <field name="name">Flags Barcode User</field>
        <field name="implied_ids" eval="[(4, ref('base.group_user'))]"/>
        <field name="category_id" ref="module_category_flag_barcode"/>
    </record>

    <record id="group_flag_barcode_manager" model="res.groups">
        <field name="name">Flags Barcode Manager</field>
        <field name="implied_ids" eval="[(4, ref('flag_barcode.group_flag_barcode_user'))]"/>
        <field name="category_id" ref="module_category_flag_barcode"/>
    </record>

</data>
</odoo>
